<?xml version="1.0" encoding="UTF-8"?>
<project-private xmlns="http://www.netbeans.org/ns/project-private/1">
    <editor-bookmarks xmlns="http://www.netbeans.org/ns/editor-bookmarks/2" lastBookmarkId="0"/>
    <open-files xmlns="http://www.netbeans.org/ns/projectui-open-files/2">
        <group>
            <file>file:/C:/wamp/www/inrentory/application/controllers/alerts.php</file>
            <file>file:/C:/wamp/www/inrentory/application/config/routes.php</file>
            <file>file:/C:/wamp/www/inrentory/application/controllers/suggestion.php</file>
            <file>file:/C:/wamp/www/inrentory/application/models/alerts_model.php</file>
            <file>file:/C:/wamp/www/inrentory/application/models/building_model.php</file>
            <file>file:/C:/wamp/www/inrentory/application/libraries/aemail.php</file>
            <file>file:/C:/wamp/www/inrentory/application/models/groups_model.php</file>
            <file>file:/C:/wamp/www/inrentory/application/models/notification_model.php</file>
        </group>
    </open-files>
</project-private>
